{"cameraMode":{"drawMode":0,"name":"Shaded","section":"Shading Mode"},"sceneLighting":true,"audioPlay":false,"sceneViewState":{"m_AlwaysRefresh":true,"showFog":true,"showSkybox":true,"showFlares":true,"showImageEffects":true,"showParticleSystems":true,"showVisualEffectGraphs":true,"m_FxEnabled":true},"in2DMode":false,"pivot":{"x":0.1815338134765625,"y":4.750545501708984,"z":-0.45246636867523196},"rotation":{"x":0.09410344064235687,"y":-0.6575079560279846,"z":0.0832873284816742,"w":0.7428954243659973},"size":5.218635559082031,"orthographic":false}